id,observed_on_string,observed_on,time_observed_at,time_zone,user_id,user_login,created_at,updated_at,quality_grade,license,url,image_url,sound_url,tag_list,description,num_identification_agreements,num_identification_disagreements,captive_cultivated,oauth_application_id,place_guess,latitude,longitude,positional_accuracy,geoprivacy,taxon_geoprivacy,coordinates_obscured,positioning_method,positioning_device,species_guess,scientific_name,common_name,iconic_taxon_name,taxon_id,taxon_kingdom_name,taxon_phylum_name,taxon_subphylum_name,taxon_superclass_name,taxon_class_name,taxon_subclass_name,taxon_superorder_name,taxon_order_name,taxon_suborder_name,taxon_superfamily_name,taxon_family_name,taxon_subfamily_name,taxon_supertribe_name,taxon_tribe_name,taxon_subtribe_name,taxon_genus_name,taxon_genushybrid_name,taxon_species_name,taxon_hybrid_name,taxon_subspecies_name,taxon_variety_name,taxon_form_name
2722,2008-11-19,2008-11-19,,Mumbai,211,vishalbhave,2009-05-22 19:18:58 UTC,2019-07-17 10:43:28 UTC,research,CC-BY-NC-SA,http://www.inaturalist.org/observations/2722,https://static.inaturalist.org/photos/3751/medium.jpg?1444937878,,"Junonia orithya, Blue Pancy",,4,0,false,,"Khedshi, Ratnagiri",17.0303096771,73.375396728499993,,,,false,,,Blue Argus,Junonia orithya,Blue Pansy,Insecta,51566,Animalia,Arthropoda,Hexapoda,,Insecta,Pterygota,,Lepidoptera,,Papilionoidea,Nymphalidae,Nymphalinae,,Junoniini,,Junonia,,Junonia orithya
2723,2008-10-10,2008-11-19,,Mumbai,211,vishalbhave,2009-05-22 19:23:04 UTC,2020-02-10 19:27:21 UTC,research,CC-BY-NC-SA,http://www.inaturalist.org/observations/2723,https://static.inaturalist.org/photos/3752/medium.jpg?1444937881,,"Common Pierrot, Castalius rosimon",,4,0,false,,"Khedshi, ratnagiri",17.030904769900001,73.375152587900004,,,,false,,,common Pierrot,Castalius rosimon,Common Pierrot,Insecta,51567,Animalia,Arthropoda,Hexapoda,,Insecta,Pterygota,,Lepidoptera,,Papilionoidea,Lycaenidae,Polyommatinae,,Polyommatini,,Castalius,,Castalius rosimon
2724,2008-11-10,2008-11-19,,Mumbai,211,vishalbhave,2009-05-22 19:29:09 UTC,2019-08-08 19:27:08 UTC,research,CC-BY-NC-SA,http://www.inaturalist.org/observations/2724,https://static.inaturalist.org/photos/3753/medium.jpg?1444935393,,"Red Pierrot, Talicada nyseus, India, Ratnagiri",A mating pair and a single,3,0,false,,"Maruti Mandir, Ratnagiri",16.9884243011,73.314598083500002,,,,false,,,Red Pierrot,Talicada nyseus,Red Pierrot,Insecta,51569,Animalia,Arthropoda,Hexapoda,,Insecta,Pterygota,,Lepidoptera,,Papilionoidea,Lycaenidae,Polyommatinae,,Polyommatini,Everina,Talicada,,Talicada nyseus
2726,"July 18, 2006 12:57",2008-11-19,2006-07-18 07:27:00 UTC,Mumbai,211,vishalbhave,2009-05-25 21:24:19 UTC,2017-12-11 17:17:26 UTC,research,CC-BY-NC-SA,http://www.inaturalist.org/observations/2726,https://static.inaturalist.org/photos/3762/medium.jpg?1444937887,,,,1,0,false,,"Maruti mandir, Ratnagiri",16.988460540799998,73.314720153799996,,,,false,,,Graphium doson,Graphium doson,Common Jay,Insecta,51576,Animalia,Arthropoda,Hexapoda,,Insecta,Pterygota,,Lepidoptera,,Papilionoidea,Papilionidae,Papilioninae,,Leptocircini,,Graphium,,Graphium doson
2727,"October 04, 2007 09:17",2008-11-19,2007-10-04 03:47:00 UTC,Mumbai,211,vishalbhave,2009-05-25 21:29:47 UTC,2017-12-11 17:17:38 UTC,research,CC-BY-NC-SA,http://www.inaturalist.org/observations/2727,https://static.inaturalist.org/photos/3763/medium.jpg?1444937889,,"Hypolimnas misippus, butterflies, India",just for a record,1,0,false,,"maruti mandir, Ratnagiri ",16.988460540799998,73.314704895000006,,,,false,,,Hypolimnas misippus,Hypolimnas misippus,Danaid Eggfly,Insecta,51578,Animalia,Arthropoda,Hexapoda,,Insecta,Pterygota,,Lepidoptera,,Papilionoidea,Nymphalidae,Nymphalinae,,Junoniini,,Hypolimnas,,Hypolimnas misippus
2728,"August 13, 2006 13:37",2008-11-19,2006-08-13 08:07:00 UTC,Mumbai,211,vishalbhave,2009-05-25 21:32:11 UTC,2017-12-11 17:17:49 UTC,research,CC-BY-NC-SA,http://www.inaturalist.org/observations/2728,https://static.inaturalist.org/photos/3764/medium.jpg?1444937892,,"Blue Mormon, Papilio polymnestor, butterfly, India",,1,0,false,,"maruti mandir, ratnagiri",16.9884052277,73.314575195299994,,,,false,,,Papilio polymnestor,Papilio polymnestor,Blue Mormon Swallowtail,Insecta,51580,Animalia,Arthropoda,Hexapoda,,Insecta,Pterygota,,Lepidoptera,,Papilionoidea,Papilionidae,Papilioninae,,Papilionini,,Papilio,,Papilio polymnestor
2729,"March 20, 2006 12:28",2008-11-19,2006-03-20 06:58:00 UTC,Mumbai,211,vishalbhave,2009-05-25 21:37:00 UTC,2019-07-24 10:37:51 UTC,research,CC-BY-NC-SA,http://www.inaturalist.org/observations/2729,https://static.inaturalist.org/photos/3765/medium.jpg?1444937895,,"Graphium agamemnon, Tailed Jay, butterfly, India",,2,0,false,,"Maruti mandir, Ratnagiri",16.9884052277,73.314544677699999,,,,false,,,Tailed Jay,Graphium agamemnon,Tailed Jay,Insecta,51581,Animalia,Arthropoda,Hexapoda,,Insecta,Pterygota,,Lepidoptera,,Papilionoidea,Papilionidae,Papilioninae,,Leptocircini,,Graphium,,Graphium agamemnon
2730,"February 18, 2006 11:45",2008-11-19,2006-02-18 06:15:00 UTC,Mumbai,211,vishalbhave,2009-05-25 21:40:04 UTC,2018-01-17 22:06:59 UTC,research,CC-BY-NC-SA,http://www.inaturalist.org/observations/2730,https://static.inaturalist.org/photos/3766/medium.jpg?1444937897,,"butterfly, Crimson rose, India",,2,0,false,,"maruti mandir, ratnagiri",16.9883995056,73.314727783199999,,,,false,,,Papilio polytes,Papilio polytes,Common Mormon Swallowtail,Insecta,51588,Animalia,Arthropoda,Hexapoda,,Insecta,Pterygota,,Lepidoptera,,Papilionoidea,Papilionidae,Papilioninae,,Papilionini,,Papilio,,Papilio polytes
2731,"October 04, 2007 09:13",2007-10-04,2007-10-04 03:43:00 UTC,Mumbai,211,vishalbhave,2009-05-25 21:45:44 UTC,2019-07-16 17:38:57 UTC,research,CC-BY-NC-SA,http://www.inaturalist.org/observations/2731,https://static.inaturalist.org/photos/3767/medium.jpg?1444937900,,"Papilio demoleus, Common Lime Butterfly, Lemon Butterfly, India, butterfly",,3,0,false,,"Shivaji stadium, Ratnagiri",16.988491058299999,73.314704895000006,,,,false,,,Lime Swallowtail,Papilio demoleus,Lime Swallowtail,Insecta,51583,Animalia,Arthropoda,Hexapoda,,Insecta,Pterygota,,Lepidoptera,,Papilionoidea,Papilionidae,Papilioninae,,Papilionini,,Papilio,,Papilio demoleus
2732,"October 04, 2007 09:09",2007-10-04,2007-10-04 03:39:00 UTC,Mumbai,211,vishalbhave,2009-05-25 21:53:23 UTC,2019-07-24 10:37:21 UTC,research,CC-BY-NC-SA,http://www.inaturalist.org/observations/2732,https://static.inaturalist.org/photos/3768/medium.jpg?1444937903,,"Common Evening Brown, Melanitis leda, butterfly, India",,4,0,false,,"Shivaji stadium, ratnagiri",16.988414764400002,73.314582824699997,,,,false,,,Common Evening Brown,Melanitis leda,Common Evening Brown,Insecta,51584,Animalia,Arthropoda,Hexapoda,,Insecta,Pterygota,,Lepidoptera,,Papilionoidea,Nymphalidae,Satyrinae,,Melanitini,,Melanitis,,Melanitis leda
